,model,accuracy,precision,recall,f1score,rocauc_ovr,rocauc_ovo,specificity
0,gnb,0.24466858789625362,0.14749473373485206,0.24654178674351584,0.17031468371949082,0.6231168238383296,0.6170768930044366,0.9424531168172328
0,logit,0.2400576368876081,0.13640977929490852,0.24365994236311236,0.1621887247445923,0.6085780653379883,0.585441681172393,0.9416793349537094
0,knn,0.1675792507204611,0.16151447808734268,0.16613832853025937,0.15430604467311232,0.5344621101035172,0.5248949818213176,0.9396350083047627
0,decisiontree,0.16239193083573483,0.1610854414870109,0.1600864553314121,0.15740483255929855,0.5233437564946491,0.516074575350083,0.9406131776187534
0,randomforest,0.20720461095100867,0.18448982053979374,0.21685878962536026,0.19034973472499073,0.5951319972822205,0.5865945760794766,0.9426022964480631
0,xgboost,0.2288184438040346,0.19711691606537043,0.22867435158501442,0.2002103620913827,0.6241996558094781,0.6166429163668061,0.9426519922180508
0,NN,0.22247838616714696,0.16069055963438583,0.2304034582132565,0.15182942838461116,0.6186332498329951,0.6056337109307929,0.9414723516292325
