,model,accuracy,precision,recall,f1score,rocauc_ovr,rocauc_ovo,specificity
0,gnb,0.39488888888888884,0.4743826012371467,0.42086868686868684,0.4148981686493037,0.7940220569753962,0.8051771340388006,0.9610041678636416
0,logit,0.16644444444444445,0.18766234830027578,0.15846464646464647,0.10679999985911885,0.6224574136027223,0.6190378731762065,0.9506216206860909
0,knn,0.06008080808080808,0.05684181150540912,0.07816161616161617,0.040040763811437924,0.49553770760115456,0.5018787189353857,0.9381242662196876
0,decisiontree,0.24246464646464644,0.2541474025974026,0.24848484848484848,0.22302522357816476,0.5797162230574198,0.5926174651274652,0.9561761425987594
0,randomforest,0.456949494949495,0.498677096977097,0.4770707070707071,0.4736277328120934,0.8240569519527373,0.8196316145582813,0.9702182937546404
0,xgboost,0.35670707070707075,0.37339867506231145,0.36266666666666664,0.3574432331260974,0.7904587376915277,0.7794091165624499,0.9617006903003191
0,NN,0.08608080808080808,0.07648460034628428,0.09416161616161617,0.07481214903249303,0.5877765279825147,0.5710328314894981,0.9402004592232708
