,model,accuracy,precision,recall,f1score,rocauc_ovr,rocauc_ovo,specificity
0,gnb,0.5553314121037464,0.5952023876145451,0.5577809798270893,0.5542359382576661,0.8501169482338108,0.8584486173535,0.9672796996461022
0,logit,0.21224783861671473,0.08732502536851353,0.20951008645533137,0.10526468080743576,0.5321429862250477,0.5354772089729138,0.9375150009733781
0,knn,0.14380403458213256,0.13723457653568855,0.14351585014409224,0.13473228674598656,0.5208310893008645,0.5170700613013873,0.938348090093142
0,decisiontree,0.4211815561959654,0.4171940502377236,0.42550432276657063,0.4181827536620461,0.674510089723924,0.6347928635451402,0.959201022787139
0,randomforest,0.6158501440922189,0.636571438056536,0.6128242074927954,0.5839781374163227,0.8969182519270152,0.8640725272926473,0.9705768822328411
0,xgboost,0.6276657060518731,0.6290238662727182,0.6295389048991353,0.6263616983952609,0.8968473113409836,0.8705287513376859,0.9743892708985569
0,MLPC,0.5576368876080692,0.5398397976690934,0.568299711815562,0.510389313533907,0.9024987653684098,0.8619664021681063,0.9718201157918638
