,model,accuracy,precision,recall,f1score,rocauc_ovr,rocauc_ovo,specificity
0,gnb,0.34178674351585014,0.26789099169750447,0.33962536023054757,0.28657936168293396,0.7004314802965739,0.6895551204446054,0.9500006026079357
0,logit,0.29654178674351583,0.21310794668418062,0.29639769452449566,0.22806018721393237,0.6556541828091624,0.6394107214407427,0.9462276541246237
0,knn,0.23515850144092218,0.23374632286189803,0.24164265129683,0.2279599305169855,0.6047885332384845,0.589243197597661,0.9459843948635305
0,decisiontree,0.32190201729106627,0.31852951858468953,0.3090778097982709,0.31594137716371967,0.6078823198567688,0.5969166415634645,0.9527351923511822
0,randomforest,0.42377521613832847,0.42243086207012237,0.4208933717579251,0.4123654628381006,0.7491016695066631,0.7259100338828871,0.9575122044887678
0,xgboost,0.4142651296829971,0.4244295745072402,0.41051873198847255,0.4047197195944352,0.7538657049926242,0.7325645270362561,0.9577838645659721
0,NN,0.28357348703170027,0.2300363256558585,0.2910662824207492,0.23578458143796274,0.6823884645516509,0.6761317965246229,0.9501759250150833
