,model,accuracy,precision,recall,f1score,rocauc_ovr,rocauc_ovo,specificity
0,gnb,0.1181818181818182,0.09195461510906769,0.11632323232323231,0.10063161809562508,0.5706866659815357,0.5806009211159211,0.9396397832016916
0,logit,0.13626262626262625,0.06005840227024438,0.12024242424242426,0.08416137413474092,0.557188434765507,0.558776859066859,0.9399604784042441
0,knn,0.05810101010101011,0.06338094077059594,0.06406060606060607,0.057646780662673335,0.49335091684870935,0.5004083654000321,0.9387285559254277
0,decisiontree,0.09412121212121212,0.10102642295975628,0.10420202020202021,0.08564756140736532,0.5188404095643901,0.5169686620169953,0.9383692342043144
0,randomforest,0.10226262626262628,0.10978183483183483,0.10816161616161617,0.10584561979319462,0.5679516495029393,0.5646678715728716,0.9390012678819804
0,xgboost,0.09412121212121212,0.09784791566458233,0.10818181818181818,0.09443112059261792,0.5514439424528612,0.5349347803431137,0.9378141016940337
0,NN,0.10020202020202021,0.07603087509176484,0.10418181818181818,0.058875594344385294,0.5357056510653613,0.5355295919512586,0.9394565976857702
